Player,race,Pos,height,wingspan,birth year,birth month,start,hometown,high school state,college,college state
Quincy Acy,0,PF,200.7,220.3,1990,10,2013,Texas,Texas,Baylor University,Texas
Jordan Adams,0,SG,195.6,208.3,1994,7,2015,Georgia,Georgia,"University of California, Los Angeles",California
Steven Adams,1,C,213.4,224.8,1993,7,2014,New zealand,New zealand,University of Pittsburgh,Pennsylvania 
Jeff Adrien,0,PF,200.7,218.4,1986,2,2011,Massachusetts,Massachusetts,University of Connecticut,Connecticut 
Alexis Ajinca,1,C,218.0,236.0,1988,5,2009,France,France,0,0
Furkan Aldemir,1,PF,208.3,226.1,1991,8,2015,Turkey,Turkey,0,0
Cole Aldrich,1,C,210.8,225.4,1988,10,2011,Minnesota,Minnesota,University of Kansas,Kansas
LaMarcus Aldridge,0,C,210.8,225.4,1985,7,2007,Texas,Texas,University of Texas at Austin,Texas
Lavoy Allen,0,PF,205.7,221.0,1989,2,2012,Pennsylvania ,Pennsylvania,Temple University,Pennsylvania
Tony Allen,0,SF,193.0,205.7,1982,1,2005,Illinois,Illinois,Oklahoma State University,Oklahoma 
Al-Farouq Aminu,0,PF,205.7,221.6,1990,9,2011,Georgia,Georgia,Wake Forest University,North Carolina
Chris Andersen,2,C,208.3,213.4,1978,7,2002,California,Texas,Blinn College,Texas
Alan Anderson,0,SF,198.0,0.0,1982,10,2005,Minnesota,Minnesota,Michigan State University,Michigan
Kyle Anderson,3,SF,205.7,221.0,1993,9,2015,New York,New York,"University of California, Los Angeles",California
Ryan Anderson,2,PF,208.3,213.4,1988,5,2009,California,California,University of California,California
Giannis Antetokounmpo,0,PF,211.0,221.0,1994,12,2014,Greece,Greece,0,0
Carmelo Anthony,0,PF,203.2,213.4,1984,5,2004,New York,New York,Syracuse University,New York
Joel Anthony,0,C,205.7,0.0,1982,8,2008,Canada,Canada,"University of Nevada, Las Vegas",Nevada
Pero Antic,1,C,210.8,0.0,1982,7,2014,Macedonia,Macedonia,0,0
Trevor Ariza,0,SF,203.2,218.4,1985,6,2005,California,California,"University of California, Los Angeles",California
Darrell Arthur,0,PF,205.7,210.2,1988,3,2009,Texas,Texas,University of Kansas,Kansas
Jeff Ayres,2,PF,205.7,215.9,1987,4,2010,California,California,Arizona State University,Arizona
Luke Babbitt,1,SF,205.7,211.5,1989,6,2011,Ohio,Nevada,"University of Nevada, Reno",Nevada
Leandro Barbosa,0,SG,190.0,0.0,1982,11,2004,Brazil,Brazil,0,0
Andrea Bargnani,1,C,213.0,0.0,1985,10,2013,Italy,Italy,0,0
Harrison Barnes,0,PF,203.2,211.5,1992,5,2013,Iowa,Iowa,University of North Carolina,North Carolina
Matt Barnes,2,SF,200.7,205.7,1980,3,2004,California,California,"University of California, Los Angeles",California
Brandon Bass,0,PF,219.7,203.2,1985,4,2006,Louisiana,Louisiana,Louisiana State University,Louisiana
Nicolas Batum,1,SF,203.2,0.0,1988,12,2009,France,France,0,0
Jerryd Bayless,0,PG,190.5,191.8,1988,8,2009,Arizona,Arizona,University of Arizona,Arizona
Aron Baynes,1,C,208.3,0.0,1986,12,2013,New Zealand,New Zealand,Washington State University,Washington
Kent Bazemore,0,SG,195.6,212.0,1989,7,2013,North Carolina ,North Carolina ,Old Dominion University,North Carolina 
Bradley Beal,0,SG,195.6,203.2,1993,6,2013,Missouri,Missouri,University of Florida,Florida
Michael Beasley,0,PF,205.7,214.0,1989,1,2009,Maryland,Maryland,Kansas State University,Kansas
Marco Belinelli,1,SG,195.6,0.0,1986,3,2008,Italy,Italy,0,0
Anthony Bennett,0,PF,203.2,0.0,1993,3,2014,Canada,Canada,"University of Nevada, Las Vegas",Nevada
Patrick Beverley,0,PG,185.4,0.0,1988,7,2013,Illinois,Illinois,University of Arkansas,Arkansas
Bismack Biyombo,0,C,205.7,0.0,1992,8,2012,Congo,Congo,0,0
Steve Blake,1,PG,190.5,0.0,1980,2,2004,Florida,Florida,University of Maryland,Maryland
Eric Bledsoe,0,PG,185.4,201.9,1989,12,2011,Alabama,Alabama,University of Kentucky,Kentucky
Bojan Bogdanovic,1,SF,203.2,0.0,1989,4,2015,Bosnia and Herzegovina,Bosnia and Herzegovina,0,0
Andrew Bogut,1,C,213.4,221.0,1984,10,2006,Australia,Australia,0,0
Matt Bonner,1,C,208.3,205.1,1980,4,2005,New Hampshire,New Hampshire,University of Florida,Florida
Trevor Booker,0,PF,203.2,207.6,1987,11,2011,South Carolina,South Carolina,Clemson University,South Carolina
Carlos Boozer,0,PF,205.7,219.1,1981,11,2003,Germany,Germany,Duke University,North Carolina
Avery Bradley,0,SG,188.0,201.3,1990,11,2011,Washington,Washington,University of Texas at Austin,Texas
Elton Brand,0,C,203.2,0.0,1979,3,2000,New York,New York,Duke University,North Carolina
Aaron Brooks,0,PG,182.9,193.0,1985,1,2008,Washington,Washington,University of Oregon,Oregon
Jabari Brown,0,SG,193.0,203.8,1992,12,2015,California,California,University of Missouri,Missouri
Lorenzo Brown,0,PG,195.6,200.7,1990,8,2014,Georgia,Georgia,North Carolina State University,North Carolina
Markel Brown,0,SG,190.5,205.1,1992,1,2015,Louisiana,Louisiana,Okaloosa-Walton Community College,Florida
Chase Budinger,1,SF,200.66,200.66,1988,5,2010,California,California,University of Arizona,Arizona
Trey Burke,0,PG,185.42,196.85,1992,11,2014,Ohio,Ohio,University of Michigan,Michigan
Alec Burks,0,SG,198.12,208.28,1991,7,2012,Missouri,Missouri,University of Colorado,Colorado
Caron Butler,0,SF,200.66,212.09,1980,3,2003,Wisconsin,Wisconsin,University of Connecticut,Connecticut
Jimmy Butler,0,SG,203.2,201.93,1989,9,2012,Texas,Texas,Marquette University,Wisconsin
Rasual Butler,0,SF,200.66,213.36,1979,5,2003,Pennsylvania,Pennsylvania,La Salle University,Pennsylvania
Nick Calathes,1,SG,198.12,0.0,1989,2,2014,Florida,Florida,University of Florida,Florida
Jose Calderon,1,PG,190.5,0.0,1981,9,2006,Spain,Spain,0,0
Kentavious Caldwell-Pope,0,SG,195.58,203.2,1993,2,2014,Georgia,Georgia,University of Georgia,Georgia
DeMarre Carroll,0,PF,203.2,208.28,1986,7,2010,Alabama,Alabama,University of Missouri,Missouri
Vince Carter,2,PF,198.12,0.0,1977,1,1999,Florida,Florida,University of North Carolina,North Carolina
Omri Casspi,1,SF,205.74,206.375,1988,6,2010,Israel,Israel,0,0
Mario Chalmers,0,PG,187.96,0.0,1986,5,2009,Alaska,Alaska,University of Kansas,Kansas
Tyson Chandler,2,C,215.9,220.98,1982,10,2002,California,California,0,0
Wilson Chandler,0,SF,203.2,0.0,1987,5,2008,Michigan,Michigan,DePaul University,Michigan
Jordan Clarkson,0,SG,195.58,203.2,1992,6,2015,Florida,Florida,University of Missouri,Missouri
Darren Collison,0,PG,182.88,190.5,1987,8,2010,California,California,"University of California, Los Angeles",California
Nick Collison,1,PF,208.28,217.17,1980,10,2005,Iowa,Iowa,University of Kansas,Kansas
Mike Conley,0,PG,185.42,197.485,1987,10,2008,Arkansas,Arkansas,Ohio State University,Ohio
Chris Copeland,0,SF,205.74,0.0,1984,3,2013,New Jersey,New Jersey,University of Colorado,Colorado
DeMarcus Cousins,0,C,210.82,227.965,1990,8,2011,Alabama,Alabama,University of Kentucky,Kentucky
Robert Covington,0,SF,205.74,217.805,1990,12,2014,Illinois,Illinois,Tennessee State University,Tennessee
Allen Crabbe,0,SG,198.12,211.455,1992,4,2014,California,California,University of California,California
Jamal Crawford,0,SG,195.58,208.28,1980,3,2001,Washington,Washington,University of Michigan,Michigan
Dante Cunningham,0,PF,203.2,210.82,1987,4,2010,Maryland,Maryland,Villanova University,Pennsylvania
Stephen Curry,2,PG,190.5,191.77,1988,3,2010,Ohio,Ohio,Davidson College,North Carolina
Samuel Dalembert,0,C,210.82,0.0,1981,5,2002,Haiti,Haiti,Seton Hall University,New Jersey
Anthony Davis,2,C,208.28,227.33,1993,3,2013,Illinois,Illinois,University of Kentucky,Kentucky
Ed Davis,0,C,208.28,213.36,1989,6,2011,District of Columbia,District of Columbia,University of North Carolina,North Carolina
Glen Davis,0,PF,205.74,0.0,1986,1,2008,Louisiana,Louisiana,Louisiana State University,Louisiana
Dewayne Dedmon,0,C,213.36,223.52,1989,8,2014,California,California,University of Southern California,South Carolina
Matthew Dellavedova,1,PG,193.04,0.0,1990,9,2014,Australia,Australia,Saint Mary's College of California,California
Luol Deng,0,SF,205.74,214.63,1985,4,2005,South Sudan,South Sudan,Duke University,North Carolina
DeMar DeRozan,0,SG,200.66,205.74,1989,8,2010,California,California,University of Southern California,California
Boris Diaw,2,PF,203.2,0.0,1982,4,2004,France,France,0,0
Gorgui Dieng,0,C,210.82,222.25,1990,1,2014,Senegal,Senegal,University of Louisville,Louisiana
Spencer Dinwiddie,0,PG,198.12,203.835,1993,4,2015,California,California,University of Colorado,Colorado
Joey Dorsey,0,PF,203.2,217.805,1983,12,2009,Maryland,Maryland,University of Memphis,Tennessee
Larry Drew II,0,PG,188.0,0.0,1990,3,2014,California,California,Norfolk State University,North Carolina
Andre Drummond,0,C,210.82,229.235,1993,8,2013,New York,New York,University of Connecticut,Connecticut
Jared Dudley,2,PF,200.66,200.66,1985,7,2008,California,California,Boston College,Massachusetts
Mike Dunleavy,1,SF,206.0,0.0,1980,3,2003,Texas,Oregon,Duke University,North Carolina
Kevin Durant,0,SF,205.74,225.425,1988,9,2008,District of Columbia,District of Columbia,University of Texas at Austin,Texas
Cleanthony Early,0,SF,203.2,210.185,1991,4,2015,New York,New York,Wichita State University,Kansas
Wayne Ellington,0,SG,193.04,199.39,1987,10,2010,Pennsylvania,Pennsylvania,University of North Carolina,North Carolina
Monta Ellis,0,SG,190.5,189.865,1985,10,2006,Mississippi,Mississippi,0,0
James Ennis,0,SF,200.66,212.09,1990,7,2015,California,California,"California State University, Long Beach",California
Jeremy Evans,0,SF,205.74,0.0,1987,10,2011,Arkansas,Arkansas,Western Kentucky University,Kentucky
Reggie Evans,0,PF,203.2,219.71,1980,5,2003,Florida,Florida,University of Iowa,Iowa
Tyreke Evans,0,SG,198.12,211.455,1989,9,2010,Pennsylvania,Pennsylvania,University of Memphis,Tennessee
Dante Exum,0,PG,198.12,207.01,1995,7,2015,Australia,Australia,0,0
Festus Ezeli,0,C,210.82,227.965,1989,10,2013,Nigeria,Nigeria,Vanderbilt University,Tennessee
Kenneth Faried,0,PF,203.2,213.36,1989,11,2012,New Jersey,New Jersey,Morehead State University,Kentucky
Jordan Farmar,2,PG,187.96,190.5,1986,11,2007,California,California,"University of California, Los Angeles",California
Derrick Favors,0,C,208.28,223.52,1991,7,2011,Georgia,Georgia,Georgia Institute of Technology,Georgia
Raymond Felton,0,PG,185.42,193.675,1984,6,2006,South Carolina,South Carolina,University of North Carolina,North Carolina
Landry Fields,1,SF,200.66,0.0,1988,6,2011,California,California,Stanford University,California
Evan Fournier,1,SG,200.66,0.0,1992,10,2013,France,France,0,0
Randy Foye,0,SG,193.04,198.755,1983,9,2007,New Jersey,New Jersey,Villanova University,Pennsylvania
Jimmer Fredette,1,PG,187.96,0.0,1989,2,2012,New York,New York,Brigham Young University,Utah
Joel Freeland,1,C,208.28,0.0,1987,2,2013,England,England,0,0
Channing Frye,0,C,210.82,219.71,1983,5,2006,New York,New York,University of Arizona,Arizona
Danilo Gallinari,1,SF,208.28,0.0,1988,8,2009,Italy,Italy,0,0
Langston Galloway,0,SG,187.96,0.0,1991,12,2015,Louisiana,Louisiana,Saint Joseph's University,Pennsylvania
Marc Gasol,1,C,215.9,0.0,1985,1,2009,Spain,Spain,0,0
Pau Gasol,1,C,213.36,0.0,1980,7,2002,Spain,Spain,0,0
Rudy Gay,0,PF,203.2,220.98,1986,8,2007,Maryland,Maryland,University of Connecticut,Connecticut
Taj Gibson,0,PF,205.74,223.52,1985,6,2010,New York,New York,University of Southern California,California
Manu Ginobili,1,SG,198.12,0.0,1977,7,2003,Argentina,Argentina,0,0
Rudy Gobert,2,C,215.9,234.95,1992,6,2014,France,France,0,0
Drew Gooden,0,PF,208.28,214.63,1981,9,2003,California,California,University of Kansas,Kansas
Archie Goodwin,0,PG,195.58,207.01,1994,8,2014,Arkansas,Arkansas,University of Kentucky,Kentucky
Aaron Gordon,2,PF,205.74,212.725,1995,9,2015,California,California,University of Arizona,Arizona
Ben Gordon,0,SG,190.5,204.47,1983,4,2005,England,England,University of Connecticut,Connecticut
Eric Gordon,0,SG,193.04,205.74,1988,12,2009,Indiana,Indiana,Indiana University,Indiana
Marcin Gortat,1,C,210.82,222.25,1984,2,2008,Poland,Poland,0,0
Danny Granger,0,SF,205.74,217.17,1983,4,2006,Louisiana,Louisiana,University of New Mexico,New Mexico
Jerami Grant,0,PF,203.2,220.345,1994,3,2015,Oregon,Oregon,Syracuse University,New York
Danny Green,2,SG,198.12,208.28,1987,6,2010,New York,New York,University of North Carolina,North Carolina
Draymond Green,0,PF,200.66,216.535,1990,3,2013,Michigan,Michigan,Michigan State University,Michigan
Erick Green,0,PG,193.04,197.485,1991,5,2015,California,California,Virginia Polytechnic Institute and State University,Virginia
Gerald Green,2,SG,200.66,207.645,1986,1,2006,Texas,Texas,0,0
Willie Green,0,SG,193.04,201.295,1981,7,2004,Michigan,Michigan,University of Detroit Mercy,Michigan
Blake Griffin,2,PF,208.28,211.455,1989,3,2011,Oklahoma,Oklahoma,University of Oklahoma,Oklahoma 
Tyler Hansbrough,1,PF,205.74,212.09,1985,11,2010,Missouri,Missouri,University of North Carolina,North Carolina
James Harden,0,PG,195.58,210.185,1989,8,2010,California,California,Arizona State University,Arizona
Devin Harris,0,PG,190.5,201.93,1983,2,2005,Wisvonsin,Wisvonsin,University of Wisconsin,Wisconsin
Gary Harris,0,SG,193.04,200.025,1994,9,2015,Indiana,Indiana,Michigan State University,Michigan
Joe Harris,0,SG,198.12,198.12,1991,9,2015,Washington,Washington,University of Virginia,Virginia
Tobias Harris,0,PF,205.74,210.82,1992,7,2012,New York,New York,University of Tennessee,Tennessee
Udonis Haslem,0,PF,203.2,210.82,1980,6,2004,Florida,Florida,University of Florida,Florida
Spencer Hawes,2,PF,215.9,214.63,1988,4,2008,Washington,Washington,University of Washington,Washington
Chuck Hayes,0,C,198.12,0.0,1983,6,2006,California,California,University of Kentucky,Kentucky
Gordon Hayward,1,PF,203.2,202.565,1990,3,2011,Indiana,Indiana,Butler University,Indiana
Gerald Henderson,0,SG,196.0,0.0,1987,12,2010,New Jersey,Pennsylvania,Duke University,North Carolina
John Henson,0,C,210.82,226.06,1990,12,2013,North Carolina,North Carolina,University of North Carolina,North Carolina
Roy Hibbert,0,C,218.44,0.0,1986,12,2009,New York,New York,Georgetown University,Washington
George Hill,1,PG,190.5,205.74,1986,5,2009,Indiana,Indiana,Indiana University-Purdue University Indianapolis,Indiana
Jordan Hill,0,C,208.28,217.17,1987,7,2010,Georgia,Georgia,University of Arizona,Arizona
Solomon Hill,0,SF,200.66,205.74,1991,3,2014,California,California,University of Arizona,Arizona
Kirk Hinrich,1,SG,193.04,198.12,1981,1,2004,Iowa,Iowa,University of Kansas,Kansas
Jrue Holiday,0,SG,193.04,200.66,1990,6,2010,California,California,"University of California, Los Angeles",California
Justin Holiday,0,SG,198.12,0.0,1989,4,2013,California,California,University of Washington,Washington
Ryan Hollins,0,C,213.36,0.0,1984,10,2007,California,California,"University of California, Los Angeles",California
Rodney Hood,0,SG,203.2,204.47,1992,10,2015,Mississippi,Mississippi,Duke University,North Carolina
Al Horford,0,C,208.28,215.265,1986,6,2008,Dominican Repulic,Dominican Repulic,University of Florida,Florida
Dwight Howard,0,C,210.82,224.79,1985,12,2005,Georgia,Georgia,0,0
Robbie Hummel,1,SF,203.2,204.47,1989,3,2014,Indiana,Indiana,Purdue University,Indiana
Kris Humphries,0,PF,205.74,214.63,1985,2,2005,Minnesota,Minnesota,University of Minnesota,Minnesota
Serge Ibaka,0,C,208.28,0.0,1989,9,2010,Republic of the Congo,Republic of the Congo,0,0
Andre Iguodala,0,SF,198.12,210.82,1984,1,2005,Illinois,Illinois,University of Arizona,Arizona
Ersan Ilyasova,1,PF,208.28,216.535,1987,5,2007,Turkey,Turkey,0,0
Joe Ingles,1,PF,203.2,208.915,1987,10,2015,Australia,Australia,0,0
Kyrie Irving,0,PG,190.5,193.04,1992,3,2012,Australia,Australia,Duke University,North Carolina
Jarrett Jack,0,PG,190.5,201.93,1983,10,2006,Maryland,Maryland,Georgia Institute of Technology,Georgia
LeBron James,0,SF,203.2,213.995,1984,12,2004,Ohio,Ohio,0,0
Al Jefferson,0,C,208.28,219.71,1985,1,2005,Mississippi,Mississippi,0,0
Cory Jefferson,0,PF,205.74,214.63,1990,12,2015,Washington,Washington,Baylor University,Texas
Richard Jefferson,0,SF,200.66,213.36,1980,6,2002,California,California,University of Arizona,Arizona
John Jenkins,1,SG,193.04,204.47,1991,3,2013,Tennessee,Tennessee,Vanderbilt University,Tennessee
Brandon Jennings,0,PG,185.42,0.0,1989,9,2010,California,California,0,0
Amir Johnson,0,C,205.74,0.0,1987,5,2006,California ,California ,0,0
James Johnson,0,PF,205.74,215.265,1987,2,2010,Wyoming ,Wyoming ,Wake Forest University,North Carolina 
Joe Johnson,0,SF,200.66,205.74,1981,6,2002,Arkansas,Arkansas,University of Arkansas,Arkansas
Nick Johnson,2,SG,190.5,201.295,1992,12,2015,Arizona,Arizona,University of Arizona,Arizona
Tyler Johnson,1,PG,193.04,0.0,1992,5,2015,North Dakota,North Dakota,"California State University, Fresno",California
Wesley Johnson,0,SF,200.66,215.9,1987,7,2011,Texas ,Texas ,Syracuse University,New York
James Jones,0,SF,203.2,219.71,1980,10,2004,Florida ,Florida ,University of Miami,Florida
Perry Jones,0,SF,210.82,217.805,1991,9,2013,Louisiana,Louisiana,Baylor University,Texas
Terrence Jones,0,PF,205.74,219.075,1992,1,2013,Oregon,Oregon,University of Kentucky,Kentucky
DeAndre Jordan,0,C,210.82,228.6,1988,7,2009,Texas ,Texas ,Texas A&M University,Texas
Jerome Jordan,2,C,213.36,226.695,1986,9,2012,Jamaica,Jamaica,University of Tulsa,Oklahoma
Cory Joseph,2,PG,190.5,196.85,1991,8,2012,Canada,Canada,University of Texas at Austin,Texas
Chris Kaman,1,C,213.36,212.725,1982,4,2004,Michigan,Michigan,Central Michigan University,Michigan
Sergey Karasev,1,SF,200.66,0.0,1993,10,2014,Russian Federation,Russian Federation,0,0
Ryan Kelly,1,PF,210.82,212.09,1991,4,2014,New York,New York,Duke University,North Carolina
Michael Kidd-Gilchrist,0,PF,200.66,213.36,1993,9,2013,Pennsylvania,Pennsylvania,University of Kentucky,Kentucky
Kyle Korver,1,SG,200.66,207.01,1981,3,2004,California,California,Creighton University,Nebraska
Kosta Koufos,1,C,213.36,0.0,1989,2,2009,Ohio,Ohio,Ohio State University,Ohio
Jeremy Lamb,0,SG,195.58,210.82,1992,5,2013,Virginia,Virginia,University of Connecticut,Connecticut
Carl Landry,0,PF,205.74,210.82,1983,9,2008,Wisconsin,Wisconsin,Purdue University,Indiana
Shane Larkin,2,PG,180.34,179.705,1992,10,2014,Ohio,Ohio,University of Miami,Florida
Joffrey Lauvergne,1,C,210.82,0.0,1991,9,2015,France,France,0,0
Zach LaVine,2,SG,195.58,203.835,1995,3,2015,Washington,Washington,"University of California, Los Angeles",California
Ty Lawson,0,PG,180.34,184.785,1987,11,2010,Maryland,Maryland,University of North Carolina,North Carolina
Courtney Lee,0,SG,195.58,0.0,1985,10,2009,Indiana,Indiana,Western Kentucky University,Kentucky
David Lee,1,PF,206.0,213.36,1983,4,2006,Missouri,Missouri,University of Florida,Florida
Alex Len,1,C,215.9,222.25,1993,6,2014,Ukraine,Ukraine,University of Maryland,Maryland
Kawhi Leonard,0,SF,200.66,220.98,1991,6,2012,California,California,San Diego State University,California
Meyers Leonard,1,C,215.9,220.98,1992,2,2013,Virginia,Virginia,University of Illinois at Urbana-Champaign,Illinois
Jon Leuer,2,PF,208.28,213.36,1989,5,2012,Minnesota,Minnesota,University of Wisconsin,Wisconsin
Damian Lillard,0,PG,190.5,202.565,1990,7,2013,California,California,Weber State University,Utah
Jeremy Lin,3,PG,190.5,0.0,1988,8,2011,California,California,Harvard University,Massachusetts
Shaun Livingston,2,PG,200.66,210.82,1985,9,2005,Illinois,Illinois,0,0
Brook Lopez,2,C,213.36,227.33,1988,4,2009,California,California,Stanford University,California
Robin Lopez,2,C,213.36,0.0,1988,4,2009,California,California,Stanford University,California
Kevin Love,1,PF,208.28,211.455,1988,9,2009,California,California,"University of California, Los Angeles",California
Kyle Lowry,0,PG,182.88,0.0,1986,3,2007,Pennsylvania,Pennsylvania,Villanova University,Pennsylvania
Shelvin Mack,2,PG,190.5,201.93,1990,4,2012,Kentucky,Kentucky,Butler University,Indiana
Ian Mahinmi,0,C,210.82,0.0,1986,11,2008,France,France,0,0
Devyn Marble,2,SG,198.12,205.74,1992,9,2015,Michigan,Michigan,University of Iowa,Iowa
Shawn Marion,0,SF,200.66,0.0,1978,5,2000,Illinois,Illinois,"University of Nevada, Las Vegas",Nevada
Kendall Marshall,2,PG,193.04,196.85,1991,8,2013,Virginia,Virginia,University of North Carolina,North Carolina
Kevin Martin,2,SG,200.66,0.0,1983,2,2005,Ohio,Ohio,Western Carolina University,North Carolina
Wesley Matthews,0,SF,195.58,0.0,1986,10,2010,Texas,Texas,Marquette University,Wisconsin
Jason Maxiell,0,PF,200.66,221.615,1983,2,2006,Illinois,Illinois,University of Cincinnati,Ohio
Luc Mbah a Moute,0,PF,203.2,219.71,1986,9,2009,Cameroon,Cameroon,"University of California, Los Angeles",California
Ray McCallum,0,PG,190.5,191.135,1991,6,2014,Wisconsin,Wisconsin,University of Detroit Mercy,Michigan
CJ McCollum,0,SG,191.0,0.0,1991,9,2014,Ohio,Ohio,Lehigh University,Pennsylvania
Doug McDermott,1,SF,203.2,206.375,1992,1,2015,North Dakota,North Dakota,Creighton University,Nebraska
Mitch McGary,1,PF,208.28,0.0,1992,6,2015,Indiana,Indiana,University of Michigan,Michigan
Ben McLemore,0,SG,195.58,202.565,1993,2,2014,Missouri,Missouri,University of Kansas,Kansas
Josh McRoberts,1,PF,208.28,215.9,1987,2,2008,Indiana,Indiana,Duke University,North Carolina
Jodie Meeks,0,SG,193.04,194.31,1987,8,2010,Georgia,Georgia,University of Kentucky,Kentucky
Khris Middleton,0,SF,203.2,210.185,1991,8,2013,South Carolina,South Carolina,Texas A&M University,Texas
Mike Miller,1,SF,203.2,0.0,1980,2,2001,South Dakota,South Dakota,University of Florida,Florida
Elijah Millsap,0,SG,198.12,0.0,1987,8,2015,Louisiana,Louisiana,University of Alabama at Birmingham,Alabama
Paul Millsap,0,PF,203.2,217.17,1985,2,2007,Louisiana,Louisiana,Louisiana Tech University,Louisiana
Nikola Mirotic,1,PF,208.28,0.0,1991,2,2015,Montenegro,Montenegro,0,0
Greg Monroe,0,C,210.82,219.075,1990,6,2011,Louisiana,Louisiana,Georgetown University,Washington
E'Twaun Moore,0,SG,193.04,207.01,1989,2,2012,Indiana,Indiana,Purdue University,Indiana
Darius Morris,0,PG,193.04,201.93,1991,1,2012,California,California,University of Michigan,Michigan
Marcus Morris,0,PF,205.74,208.28,1989,9,2012,Pennsylvania,Pennsylvania,University of Kansas,Kansas
Markieff Morris,0,PF,208.28,210.185,1989,9,2012,Pennsylvania,Pennsylvania,University of Kansas,Kansas
Anthony Morrow,0,SG,195.58,0.0,1985,9,2009,North Carolina,North Carolina,Georgia Institute of Technology,Georgia
Donatas Motiejunas,1,PF,213.36,0.0,1990,9,2013,Lithuania,Lithuania,0,0
Shabazz Muhammad,0,SF,198.12,210.82,1992,11,2014,California,California,"University of California, Los Angeles",California
Mike Muscala,1,C,210.82,215.9,1991,7,2014,Minnesota,Minnesota,Bucknell University,Pennsylvania
Shabazz Napier,0,PG,185.42,191.135,1991,7,2015,Massachusetts,Massachusetts,University of Connecticut,Connecticut
Andrew Nicholson,0,PF,205.74,223.52,1989,12,2013,Canada,Canada,St. Bonaventure University,New York
Joakim Noah,2,C,210.82,216.535,1985,2,2008,New York,New York,University of Florida,Florida
Nerlens Noel,0,C,210.82,222.885,1994,4,2015,Massachusetts,Massachusetts,University of Kentucky,Kentucky
Dirk Nowitzki,1,PF,213.36,0.0,1978,6,1999,Germany,Germany,0,0
Jusuf Nurkic,1,C,213.36,0.0,1994,8,2015,Bosnia and Herzegovina,Bosnia and Herzegovina,0,0
Johnny O'Bryant,0,PF,205.74,0.0,1993,6,2015,Mississippi,Mississippi,Louisiana State University,Louisiana
Kyle O'Quinn,0,C,208.28,225.425,1990,3,2013,New York,New York,Norfolk State University,Virginia
Victor Oladipo,0,SG,193.04,206.375,1992,5,2014,Maryland,Maryland,Indiana University,Indiana
Kelly Olynyk,1,PF,213.36,207.645,1991,4,2014,Canada,Canada,Gonzaga University,Washington
Zaza Pachulia,1,C,210.82,0.0,1984,2,2004,Georgia,Georgia,0,0
Kostas Papanikolaou,1,SF,203.2,0.0,1990,7,2015,Greece,Greece,0,0
Jabari Parker,0,PF,203.2,0.0,1995,3,2015,Illinois,Illinois,Duke University,North Carolina
Tony Parker,2,PG,187.96,0.0,1982,5,2002,Belgium,Belgium,0,0
Chandler Parsons,1,SF,208.28,207.01,1988,10,2012,Florida,Florida,University of Florida,Florida
Patrick Patterson,0,PF,205.74,216.535,1989,3,2011,District of Columbia,District of Columbia,University of Kentucky,Kentucky
Chris Paul,0,PG,182.88,193.675,1985,5,2006,North Carolina,North Carolina,Wake Forest University,North Carolina
Elfrid Payton,0,PG,193.04,203.2,1994,2,2015,Louisiana,Louisiana,University of Louisiana at Lafayette,Louisiana
Nikola Pekovic,1,C,210.82,0.0,1986,1,2011,Montenegro,Montenegro,0,0
Mason Plumlee,1,C,210.82,210.82,1990,3,2014,Indiana ,Indiana ,Duke University,North Carolina
Otto Porter,0,SF,203.2,217.17,1993,6,2014,Missouri ,Missouri ,Georgetown University,Washington
Phil Pressey,0,PG,180.34,188.595,1991,2,2014,Texas,Texas,University of Missouri,Missouri
Ronnie Price,0,PG,187.96,196.85,1983,6,2006,Texas ,Texas ,Utah Valley State College,Utah
Zach Randolph,0,PF,205.74,0.0,1981,7,2002,Indiana ,Indiana ,Michigan State University,Michigan
Jason Richardson,0,SG,198.12,212.09,1981,1,2002,Michigan ,Michigan ,Michigan State University,Michigan
Luke Ridnour,1,PG,187.96,190.5,1981,2,2004,Idaho,Idaho,University of Oregon,Oregon
Andre Roberson,0,SG,200.66,210.82,1991,12,2014,New Mexico,New Mexico,University of Colorado,Colorado
Brian Roberts,0,PG,185.42,186.055,1985,12,2013,Ohio ,Ohio ,University of Dayton,Ohio
Derrick Rose,0,PG,190.5,203.2,1988,10,2009,Illinois ,Illinois ,University of Memphis,Tennessee
Terrence Ross,0,SG,200.66,201.295,1991,2,2013,Oregon,Oregon,University of Washington,Washington
Ricky Rubio,1,PG,193.04,0.0,1990,10,2012,Spain,Spain,0,0
Damjan Rudez,1,SF,208.28,0.0,1986,6,2015,Croatia,Croatia,0,0
Brandon Rush,0,SG,198.12,211.455,1985,7,2009,Missouri,Missouri,University of Kansas,Kansas
Robert Sacre,1,C,213.36,0.0,1989,6,2013,Louisiana,Louisiana,Gonzaga University,Washington
John Salmons,0,SF,200.66,208.915,1979,12,2003,Pennsylvania ,Pennsylvania ,University of Miami,Florida
JaKarr Sampson,0,SF,205.74,0.0,1993,3,2015,Ohio ,Ohio ,St. John's University,New York
Larry Sanders,0,C,210.82,227.965,1988,11,2011,Florida ,Florida ,Virginia Commonwealth University,Virginia
Luis Scola,1,PF,205.74,0.0,1980,4,2008,Argentina,Argentina,0,0
Mike Scott,0,PF,203.2,210.185,1988,7,2013,Virginia ,Virginia ,University of Virginia,Virginia
Thabo Sefolosha,0,SF,200.66,0.0,1984,5,2007,Switzerland,Switzerland,0,0
Kevin Seraphin,0,PF,205.74,0.0,1989,12,2011,France,France,0,0
Henry Sims,0,C,208.28,223.52,1990,3,2013,Maryland,Maryland,Georgetown University,Washington
Donald Sloan,0,PG,190.5,0.0,1988,1,2012,Louisiana,Louisiana,Texas A&M University,Texas
Marcus Smart,0,SG,193.04,206.375,1994,3,2015,Texas,Texas,Oklahoma State University,Oklahoma
Greg Smith,0,PF,208.0,0.0,1991,1,2012,California,California,"California State University, Fresno",California
Jason Smith,1,C,213.36,210.185,1986,3,2008,Colorado,Colorado,Colorado State University,Colorado
Tony Snell,0,SF,200.66,212.09,1991,11,2014,California,California,University of New Mexico,New Mexico
Marreese Speights,0,C,208.28,0.0,1987,8,2009,Florida,Florida,University of Florida,Florida
Tiago Splitter,1,C,210.82,218.44,1985,1,2011,Brazil,Brazil,0,0
Nik Stauskas,1,SG,198.12,202.565,1993,10,2015,Canada,Canada,University of Michigan,Michigan
Lance Stephenson,0,SG,195.58,209.55,1990,9,2011,New York,New York,University of Cincinnati,Ohio
Rodney Stuckey,0,PG,195.58,201.295,1986,4,2008,Washington,Washington,Eastern Washington University,Washington
Jared Sullinger,3,PF,205.74,216.535,1992,3,2013,Ohio,Ohio,Ohio State University,Ohio
Jeff Teague,0,PG,187.96,201.93,1988,6,2010,Indiana,Indiana,Wake Forest University,North Carolina
Mirza Teletovic,1,PF,205.74,0.0,1985,9,2013,Bosnia and Herzegovina,Bosnia and Herzegovina,0,0
Sebastian Telfair,0,PG,182.88,0.0,1985,6,2005,New York,New York,0,0
Garrett Temple,0,SG,198.12,0.0,1986,5,2010,Louisiana,Louisiana,Louisiana State University,Louisiana
Jason Terry,0,SG,187.96,0.0,1977,9,2000,Washington,Washington,University of Arizona,Arizona
Hollis Thompson,0,SG,203.2,207.01,1991,4,2014,California,California,Georgetown University,Washington
Jason Thompson,0,PF,210.82,0.0,1986,7,2009,New Jersey,New Jersey,Rider University,New Jersey
Klay Thompson,2,SG,200.66,205.74,1990,2,2012,California,California,Washington State University,Washington
Tristan Thompson,0,C,205.74,216.535,1991,3,2012,Canada,Canada,University of Texas at Austin,Texas
Evan Turner,0,PG,200.66,203.2,1988,10,2011,Illinois,Illinois,Ohio State University,Ohio
Beno Udrih,1,PG,190.5,194.31,1982,7,2005,Slovenia,Slovenia,0,0
Jonas Valanciunas,1,C,213.36,0.0,1992,5,2013,Lithuania,Lithuania,0,0
Anderson Varejao,1,C,208.28,0.0,1982,9,2005,Brazil,Brazil,0,0
Greivis Vasquez,0,PG,198.12,200.66,1987,1,2011,Venezuela,Venezuela,University of Maryland,Maryland
Charlie Villanueva,0,PF,210.82,213.995,1984,8,2006,New York,New York,University of Connecticut,Connecticut
Noah Vonleh,0,PF,208.28,224.155,1995,8,2015,Massachusetts,Massachusetts,Indiana University,Indiana
Nikola Vucevic,1,C,213.36,224.79,1990,10,2012,Switzerland,Switzerland,University of Southern California,California
Dwyane Wade,0,SG,193.04,210.185,1982,1,2004,Illinois,Illinois,Marquette University,Wisconsin
Henry Walker,0,SF,198.12,0.0,1987,10,2009,Virginia,Virginia,Kansas State University,Kansas
Kemba Walker,0,PG,185.42,191.77,1990,5,2012,New York,New York,University of Connecticut,Connecticut
John Wall,0,PG,193.04,206.375,1990,9,2011,North Carolina,North Carolina,University of Kentucky,Kentucky
Gerald Wallace,0,SF,200.66,0.0,1982,7,2002,Alabama,Alabama,University of Alabama,Alabama
Travis Wear,1,SF,208.28,0.0,1990,9,2015,California,California,"University of California, Los Angeles",California
Martell Webster,0,SF,200.66,210.82,1986,12,2006,Washington,Washington,0,0
David West,0,C,205.74,224.155,1980,8,2004,New Jersey,New Jersey,Xavier University,Ohio
Russell Westbrook,0,PG,190.5,202.565,1988,11,2009,California,California,"University of California, Los Angeles",California
Hassan Whiteside,0,C,213.36,231.14,1989,6,2011,North Carolina,North Carolina,Marshall University,Virginia
Andrew Wiggins,0,SF,203.2,0.0,1995,2,2015,Canada,Canada,University of Kansas,Kansas
Deron Williams,2,PG,190.5,198.755,1984,6,2006,West Virginia,West Virginia,University of Illinois at Urbana-Champaign,Illinois
Derrick Williams,0,SF,203.2,217.17,1991,5,2012,California,California,University of Arizona,Arizona
Marvin Williams,0,PF,205.74,222.25,1986,6,2006,Washington ,Washington ,University of North Carolina,North Carolina
Jeff Withey,1,C,213.36,218.44,1990,3,2014,California ,California ,University of Kansas,Kansas
Dorell Wright,0,SF,205.74,0.0,1985,12,2005,California,California,0,0
Tony Wroten,0,PG,198.12,205.74,1993,4,2013,Washington,Washington,University of Washington,Washington
James Young,0,SG,198.12,213.36,1995,8,2015,Michigan,Michigan,University of Kentucky,Kentucky
Nick Young,0,SG,200.66,213.36,1985,6,2008,California,California,University of Southern California,California
Cody Zeller,1,C,213.36,210.185,1992,10,2014,Indiana,Indiana,Indiana University,Indiana
Tyler Zeller,1,C,213.36,213.36,1990,1,2013,California,California,University of North Carolina,North Carolina
Arron Afflalo,0,SG,195.58,0.0,1985,10,2008,California,California,"University of California, Los Angeles",California
James Anderson,0,SG,198.12,204.47,1989,3,2011,Arkansas,Arkansas,Oklahoma State University,Oklahoma
Justin Anderson,0,SF,198.12,212.725,1993,11,2016,Virginia,Virginia,University of Virginia,Virginia
Will Barton,2,SF,198.12,207.645,1991,1,2013,Maryland,Maryland,University of Memphis,Tennessee
Nemanja Bjelica,1,PF,208.28,0.0,1988,5,2016,serbia,serbia,0,0
Tarik Black,0,C,205.74,0.0,1991,11,2015,Tennessee,Tennessee,University of Kansas,Kansas
DeJuan Blair,0,C,200.66,218.44,1989,4,2010,Pennsylvania,Pennsylvania,University of Pittsburgh,Pennsylvania
Devin Booker,1,SG,198.12,203.835,1996,10,2016,Michigan,Michigan,University of Kentucky,Kentucky
Corey Brewer,0,SF,205.74,203.835,1986,3,2008,Tennessee,Tennessee,University of Florida,Florida
Anthony Brown,0,SF,200.66,210.82,1992,10,2016,California,California,Stanford University,California
Reggie Bullock,0,SF,200.66,205.105,1991,3,2014,Maryland ,Maryland ,University of North Carolina,North Carolina
Isaiah Canaan,0,SG,182.88,194.31,1991,5,2014,Mississippi,Mississippi,Murray State University,Kentucky
Clint Capela,0,C,208.28,0.0,1994,5,2015,Switzerland,Switzerland,0,0
Michael Carter-Williams,2,PG,198.12,201.295,1991,10,2014,Massachusetts,Massachusetts,Syracuse University,New York
Willie Cauley-Stein,2,C,213.36,220.98,1993,8,2016,Kansas,Kansas,University of Kentucky,Kentucky
Ian Clark,0,SG,190.5,0.0,1991,3,2014,Tennessee,Tennessee,Belmont University,Tennessee
Norris Cole,0,PG,187.96,188.595,1988,10,2012,Ohio,Ohio,Cleveland State University,Ohio
Jae Crowder,0,SF,198.12,206.375,1990,7,2013,Georgia,Georgia,Marquette University,Wisconsin
Seth Curry,2,SG,187.96,193.04,1990,8,2014,North Carolina,North Carolina,Duke University,North Carolina
Troy Daniels,0,SG,193.04,0.0,1991,7,2014,Virginia,Virginia,Virginia Commonwealth University,Virginia
Bryce Dejean-Jones,0,SG,198.12,0.0,1992,8,2016,California,California,Iowa State University,Iowa
Toney Douglas,0,PG,187.96,198.12,1986,3,2010,Georgia,Georgia,Florida State University,Florida
Goran Dragic,1,PG,190.5,0.0,1986,5,2009,Slovenia,Slovenia,0,0
Tyler Ennis,0,PG,190.5,201.295,1994,8,2015,Canada,Canada,Syracuse University,New York
Cristiano Felicio,0,C,208.28,0.0,1992,7,2016,Brazil,Brazil,0,0
Alonzo Gee,0,SF,198.12,0.0,1987,5,2010,Florida,Florida,University of Alabama,Alabama
Paul George,0,SF,205.74,211.455,1990,5,2011,California,California,"California State University, Fresno",California
Jerian Grant,0,PG,193.04,201.93,1992,10,2016,Maryland,Maryland,University of Notre Dame,Indiana
JaMychal Green,0,PF,205.74,219.075,1990,6,2015,Alabama,Alabama,University of Alabama,Alabama
Jordan Hamilton,0,SF,200.66,207.01,1990,10,2012,California,California,University of Texas at Austin,Texas
Montrezl Harrell,0,C,203.2,224.155,1994,1,2016,North Carolina,North Carolina,University of Louisville,Louisiana
Mario Hezonja,1,SF,203.2,0.0,1995,2,2016,Croatia,Croatia,0,0
Darrun Hilliard,0,SG,198.12,0.0,1993,4,2016,Pennsylvania,Pennsylvania,Villanova University,Pennsylvania
Rondae Hollis-Jefferson,0,SF,200.66,218.44,1995,1,2016,Pennsylvania,Pennsylvania,University of Arizona,Arizona
Richaun Holmes,0,C,208.28,217.17,1993,10,2016,Illinois,Illinois,Bowling Green State University,Ohio
Marcelo Huertas,1,PG,190.5,0.0,1983,5,2016,Brazil,Brazil,0,0
Reggie Jackson,0,PG,190.5,0.0,1990,4,2012,Italy,Italy,Boston College,Massachusetts
Jonas Jerebko,1,PF,208.28,0.0,1987,3,2010,Sweden,Sweden,0,0
Stanley Johnson,0,SF,200.66,212.09,1996,5,2016,California ,California ,University of Arizona,Arizona
Nikola Jokic,1,C,208.28,0.0,1995,2,2016,Serbia,Serbia,0,0
Tyus Jones,0,PG,187.96,195.58,1996,5,2016,Minnesota,Minnesota,Duke University,North Carolina
Frank Kaminsky,1,C,213.36,210.82,1993,4,2016,Illinois,Illinois,University of Wisconsin,Wisconsin
Enes Kanter,1,C,210.82,217.17,1992,5,2012,Switzerland,Switzerland,0,0
Brandon Knight,0,SG,190.5,200.025,1991,12,2012,Florida,Florida,University of Kentucky,Kentucky
Trey Lyles,2,PF,208.28,217.17,1995,11,2016,Canada,Canada,University of Kentucky,Kentucky
Boban Marjanovic,1,C,220.98,0.0,1988,8,2016,Russia,Russia,0,0
Jarell Martin,0,PF,208.28,205.74,1994,5,2016,Louisiana,Louisiana,Louisiana State University,Louisiana
James Michael McAdoo,0,PF,205.74,0.0,1993,1,2015,Virginia,Virginia,University of North Carolina,North Carolina
Chris McCullough,0,PF,210.82,221.615,1995,2,2016,New York,New York,Syracuse University,New York
JaVale McGee,2,C,213.36,228.6,1988,1,2009,Michigan,Michigan,"University of Nevada, Reno",Nevada
Salah Mejri,0,C,215.9,0.0,1986,6,2016,Tunisia,Tunisia,0,0
Timofey Mozgov,1,C,215.9,0.0,1986,7,2011,Russian Federation,Russian Federation,0,0
Emmanuel Mudiay,0,PG,195.58,0.0,1996,3,2016,Democratic Republic of the Congo,Democratic Republic of the Congo,0,0
Xavier Munford,0,SG,187.96,0.0,1992,6,2016,New Jersey,New Jersey,University of Rhode Island,Rhode Island
Gary Neal,0,SG,193.04,0.0,1984,10,2011,Maryland,Maryland,Towson University,Maryland
Jameer Nelson,0,PG,182.88,189.23,1982,2,2005,Pennsylvania,Pennsylvania,Saint Joseph's University,Pennsylvania
Raul Neto,1,PG,185.42,0.0,1992,5,2016,Brazil,Brazil,0,0
Lucas Nogueira,0,C,213.36,0.0,1992,7,2015,Brazil,Brazil,0,0
Jahlil Okafor,0,C,210.82,0.0,1995,12,2016,Illinois,Illinois,Duke University,North Carolina
Lamar Patterson,0,SG,195.58,210.82,1991,8,2016,Pennsylvania,Pennsylvania,University of Pittsburgh,Pennsylvania
Adreian Payne,0,PF,208.28,223.52,1991,2,2015,Ohio,Ohio,Michigan State University,Michigan
Cameron Payne,0,PG,190.5,201.295,1994,8,2016,Tennessee,Tennessee,Murray State University,Kentucky
Kendrick Perkins,0,C,208.28,0.0,1984,11,2004,Texas ,Texas ,0,0
Miles Plumlee,1,C,210.82,215.265,1988,9,2013,Indiana ,Indiana ,Duke University,North Carolina
Bobby Portis,0,PF,210.82,218.44,1995,2,2016,Arkansas ,Arkansas ,University of Arkansas,Arkansas
Kristaps Porzingis,1,PF,220.98,0.0,1995,8,2016,Latvia,Latvia,0,0
Dwight Powell,1,C,210.82,214.63,1991,7,2015,Canada,Canada,Stanford University,California
Norman Powell,0,SG,193.04,210.185,1993,5,2016,California ,California ,"University of California, Los Angeles",California
Pablo Prigioni,1,PG,190.5,0.0,1977,5,2013,Argentina,Argentina,0,0
Tayshaun Prince,2,SF,205.74,0.0,1980,2,2003,California ,California ,University of Kentucky,Kentucky
Julius Randle,0,PF,205.74,213.36,1994,11,2015,Texas ,Texas ,University of Kentucky,Kentucky
Willie Reed,0,C,208.28,0.0,1990,5,2016,Missouri ,Missouri ,Saint Louis University,Louisiana
Josh Richardson,0,SG,198.12,0.0,1993,9,2016,Oklahoma,Oklahoma,University of Tennessee,Tennessee
Austin Rivers,1,SG,193.04,201.295,1992,8,2013,California ,California ,Duke University,North Carolina
Glenn Robinson III,0,SF,198.0,0.0,1994,1,2015,Indiana,Indiana,Michigan State University,Michigan
Thomas Robinson,0,PF,208.28,221.615,1991,3,2013,District of Columbia,District of Columbia,University of Kansas,Kansas
Rajon Rondo,0,PG,185.42,0.0,1986,2,2007,Kentucky ,Kentucky ,University of Kentucky,Kentucky
Terry Rozier,0,PG,187.96,203.835,1994,3,2016,Ohio,Ohio,University of Louisville,Louisiana
D'Angelo Russell,0,PG,195.58,0.0,1996,2,2016,Kentucky ,Kentucky ,Ohio State University,Ohio
Ramon Sessions,0,PG,190.5,193.675,1986,4,2008,South Carolina,South Carolina,"University of Nevada, Reno",Nevada
Iman Shumpert,0,SG,195.58,207.01,1990,6,2012,Illinois ,Illinois ,Georgia Institute of Technology,Georgia
Jonathon Simmons,0,SG,198.12,0.0,1989,9,2016,Texas ,Texas ,University of Houston,Texas
Kyle Singler,1,SF,203.2,208.534,1988,5,2013,Oregon,Oregon,Duke University,North Carolina
Isaiah Thomas,0,PG,175.26,187.325,1989,2,2012,Washington,Washington,University of Washington,Washington
Lance Thomas,0,PF,203.2,0.0,1988,4,2012,New York,New York,Duke University,North Carolina
Anthony Tolliver,0,PF,203.2,219.71,1985,6,2009,Missouri,Missouri,Creighton University,Nebraska
Axel Toupane,1,SF,200.66,0.0,1992,7,2016,France,France,0,0
Karl-Anthony Towns,0,C,213.36,0.0,1995,11,2016,New Jersey,New Jersey,University of Kentucky,Kentucky
Myles Turner,0,C,210.82,223.52,1996,3,2016,Texas,Texas,University of Texas at Austin,Texas
Rashad Vaughn,0,SG,198.12,200.66,1996,8,2016,Minnesota,Minnesota,"University of Nevada, Las Vegas",Nevada
Sasha Vujacic,1,SG,200.66,196.85,1984,3,2005,Slovenia,Slovenia,0,0
Dion Waiters,0,SG,193.04,201.295,1991,12,2013,Pennsylvania,Pennsylvania,Syracuse University,New York
Justise Winslow,0,SF,200.66,208.915,1996,3,2016,Texas ,Texas ,Duke University,North Carolina
Metta World Peace,0,SF,198.12,0.0,1979,11,2000,New York,New York,St. John's University,New York
Brandan Wright,0,PF,208.28,222.885,1987,10,2008,Tennessee,Tennessee,University of North Carolina,North Carolina
Delon Wright,0,PG,195.58,201.93,1992,4,2016,California,California,University of Utah,Utah
Thaddeus Young,0,PF,203.2,212.09,1988,6,2008,Louisiana,Louisiana,Georgia Institute of Technology,Georgia
Alex Abrines,1,SG,198.12,0.0,1993,8,2017,Spain,Spain,0,0
Ron Baker,1,SG,193.04,207.645,1993,3,2017,Kansas,Kansas,Wichita State University,Kansas
Wade Baldwin,0,PG,193.04,0.0,1996,3,2017,New Jersey,New Jersey,Vanderbilt University,Tennessee
Dragan Bender,1,PF,215.9,0.0,1997,11,2017,Croatian,Croatian,0,0
Davis Bertans,1,PF,208.28,0.0,1992,11,2017,Latvian,Latvian,0,0
Malcolm Brogdon,0,SG,195.58,209.55,1992,12,2017,Georgia,Georgia,University of Virginia,Virginia
Jaylen Brown,0,SG,200.66,212.725,1996,10,2017,Georgia,Georgia,University of California,California
Nicolas Brussino,1,SG,200.66,0.0,1993,3,2017,Argentine,Argentine,0,0
Marquese Chriss,0,PF,208.28,213.995,1997,7,2017,California,California,University of Washington,Washington
Rakeem Christmas,0,PF,205.74,226.695,1991,12,2016,New Jersey,Pennsylvania,Syracuse University,New York
Semaj Christon,0,PG,190.5,199.39,1992,11,2017,Ohio,Ohio,Xavier University,Ohio
Pat Connaughton,1,SG,195.58,203.2,1993,1,2016,Massachusetts,Massachusetts,University of Notre Dame,Indiana
Jordan Crawford,0,SG,193.04,200.66,1988,10,2011,Michigan,Michigan,Xavier University,Ohio
Deyonta Davis,0,C,210.82,219.71,1996,12,2017,Michigan,Michigan,Michigan State University,Michigan
Sam Dekker,1,PF,205.74,212.09,1994,5,2016,Wisconsin,Wisconsin,University of Wisconsin,Wisconsin
Malcolm Delaney,0,PG,190.5,0.0,1989,3,2017,Maryland,Maryland,Virginia Polytechnic Institute and State University,Virginia
Kris Dunn,0,PG,193.04,207.01,1994,3,2017,Connecticut,Connecticut,Providence College,Rhode Island
Joel Embiid,0,C,213.36,0.0,1994,3,2017,Cameroonian,Cameroonian,University of Kansas,Kansas
Kay Felder,0,PG,175.26,189.23,1995,3,2017,Michigan,Michigan,Oakland University,Michigan
Dorian Finney-Smith,0,SF,203.2,212.725,1993,5,2017,Viriginia,Virginia,University of Florida,Florida
Bryn Forbes,0,SG,190.5,0.0,1993,7,2017,Michigan,Michigan,Michigan State University,Michigan
Tim Frazier,2,PG,185.42,0.0,1990,11,2015,Texas,Texas,Pennsylvania State University,Pennsylvania
Jonathan Gibson,0,PG,187.96,0.0,1987,11,2017,California,California,New Mexico State University,New Mexico
Jeff Green,0,PF,205.74,216.535,1986,8,2008,Maryland,Maryland,Georgetown University,Washington
Justin Hamilton,1,C,213.36,210.82,1990,4,2014,California,California,Louisiana State University,Louisiana
Andrew Harrison,0,PG,198.12,205.74,1994,10,2017,Texas,Texas,University of Kentucky,Kentucky
Juan Hernangomez,1,PF,205.74,0.0,1995,9,2017,Spain,Spain,0,0
Willy Hernangomez,1,C,210.82,0.0,1994,5,2017,Spain,Spain,0,0
Brandon Ingram,0,SF,205.74,0.0,1997,9,2017,North Carolina,North Carolina,Duke University,North Carolina
Sean Kilpatrick,2,SG,193.04,200.66,1990,1,2015,New York,New York,University of Cincinnati,Ohio
Mindaugas Kuzminskas,1,SF,205.74,0.0,1989,10,2017,Lithuanian,Lithuanian,0,0
Skal Labissiere,0,PF,210.82,219.71,1996,3,2017,Haiti,Tennessee,University of Kentucky,Kentucky
Jake Layman,1,SF,205.74,206.375,1994,3,2017,Massachusetts,Massachusetts,University of Maryland,Maryland
Caris LeVert,0,SF,200.66,208.28,1994,8,2017,Ohio,Ohio,University of Michigan,Michigan
Shawn Long,0,C,205.74,0.0,1993,1,2017,Louisiana,Louisiana,University of Louisiana at Lafayette,Louisiana
Kevon Looney,0,C,205.74,222.25,1996,2,2016,Wisconsin,Wisconsin,"University of California, Los Angeles",California
Sheldon Mac,0,SG,195.58,0.0,1992,12,2017,Texas,Texas,University of Miami,Florida
Thon Maker,0,C,215.9,220.98,1997,2,2017,South Sudanese-Australian,South Sudanese-Australian,0,0
Patrick McCaw,0,SG,200.66,208.28,1995,10,2017,Missouri,Missouri,"University of Nevada, Las Vegas",Nevada
Rodney McGruder,0,SG,193.04,0.0,1991,7,2017,Maryland,Maryland,Kansas State University,Kansas
Jordan McRae,0,SG,198.12,214.63,1991,3,2016,Georgia,Georgia,University of Tennessee,Tennessee
Dejounte Murray,0,PG,195.58,0.0,1996,9,2017,Washington,Washington,University of Washington,Washington
Jamal Murray,0,PG,193.04,0.0,1997,2,2017,Canada,Canada,University of Kentucky,Kentucky
Maurice Ndour,0,PF,205.74,0.0,1992,6,2017,Senegalese,Senegalese,Ohio University,Ohio
David Nwaba,0,SF,193.04,0.0,1993,1,2017,California,California,"California Polytechnic State University, San Luis Obispo",California
Georgios Papagiannis,1,C,215.9,0.0,1997,7,2017,Greek,Greek,0,0
Jakob Poeltl,1,C,213.36,220.345,1995,10,2017,Austrian,Austrian,University of Utah,Utah
Taurean Prince,0,SF,201.0,0.0,1994,3,2017,Texas,Texas,Baylor University,Texas
Sergio Rodriguez,1,PG,190.5,0.0,1986,6,2007,Spain,Spain,0,0
Domantas Sabonis,1,C,210.82,0.0,1996,5,2017,Oregon,Oregon,Gonzaga University,Washington
Dario Saric,1,PF,208.28,0.0,1994,4,2017,Croatian,Croatian,0,0
Tomas Satoransky,1,PG,200.66,201.295,1991,10,2017,Czech,Czech,0,0
Pascal Siakam,0,PF,205.74,221.615,1994,2,2017,Cameroonian,Cameroonian,New Mexico State University,New Mexico
Marcus Thornton,0,SG,193.04,195.58,1987,6,2010,Louisiana,Louisiana,Louisiana State University,Louisiana
Tyler Ulis,0,PG,177.8,187.96,1996,1,2017,Michigan,Illinois,University of Kentucky,Kentucky
Denzel Valentine,0,SG,198.12,210.185,1993,11,2017,Michigan,Michigan,Michigan State University,Michigan
Fred VanVleet,1,PG,182.88,0.0,1994,2,2017,Illinois,Illinois,Wichita State University,Kansas
Okaro White,0,PF,203.2,0.0,1992,8,2017,New York,New York,Florida State University,Florida
Isaiah Whitehead,0,PG,193.04,205.105,1995,3,2017,New York,New York,Seton Hall University,New Jersey
Alan Williams,0,C,203.2,217.805,1993,1,2016,Arizona,Arizona,"University of California, Santa Barbara",California
Paul Zipser,1,SF,203.2,0.0,1994,2,2017,German,German,0,0
Ivica Zubac,1,C,215.9,224.0,1997,3,2017,Croatian,Croatian,0,0
Bam Adebayo,0,C,208.28,0.0,1997,7,2018,New Jersey,New Jersey,University of Kentucky,Kentucky
Jarrett Allen,0,C,208.28,226.695,1998,4,2018,California,Texas,University of Texas at Austin,Texas
OG Anunoby,0,SF,203.2,219.075,1997,7,2018,British,British,Indiana University,Indiana
Ryan Arcidiacono,1,PG,190.5,0.0,1994,3,2018,Italian-American,Pennsylvania,Villanova University,Pennsylvania
Jamel Artis,0,SG,200.66,208.28,1993,1,2018,Maryland,Massachusetts,University of Pittsburgh,Pennsylvania
Dwayne Bacon,0,SG,198.12,208.28,1995,8,2018,Florida,Florida,Florida State University,Florida
Lonzo Ball,2,PG,198.12,0.0,1997,10,2018,California,California,"University of California, Los Angeles",California
Malik Beasley,0,SG,195.58,200.66,1996,11,2017,Georgia,Georgia,Florida State University,Florida
Jordan Bell,0,C,205.74,212.725,1995,1,2018,California,California,University of Oregon,Oregon
Khem Birch,0,C,205.74,215.9,1992,9,2018,Canada,Canada,"University of Nevada, Las Vegas",Nevada
Antonio Blakeney,0,SG,193.04,0.0,1996,10,2018,New York,Florida,Louisiana State University,Louisiana
Bogdan Bogdanovic,1,SG,198.12,0.0,1992,8,2018,Serbian,Serbian,0,0
Dillon Brooks,0,SF,198.12,198.12,1996,1,2018,Canada,Canada,University of Oregon,Oregon
Sterling Brown,0,SG,195.58,0.0,1995,2,2018,Illinois,Illinois,Southern Methodist University,Texas
Dwight Buycks,0,PG,190.5,0.0,1989,3,2014,Wisconsin,Wisconsin,Marquette University,Wisconsin
Alex Caruso,1,PG,195.58,0.0,1994,2,2018,Texas,Texas,Texas A&M University,Texas
Tyler Cavanaugh,1,PF,205.74,0.0,1994,2,2018,New York,New York,George Washington University,Washington
John Collins,0,PF,208.28,211.455,1997,9,2018,Utah,Florida,Wake Forest University,North Carolina
Zach Collins,1,C,213.36,215.9,1997,11,2018,Nevada,Nevada,Gonzaga University,Washington
Kyle Collinsworth,1,SF,198.12,0.0,1991,10,2018,Utah,Utah,Brigham Young University,Utah
Quinn Cook,0,PG,187.96,193.04,1993,3,2017,Washington,Virginia,Duke University,North Carolina
Torrey Craig,0,SF,198.12,0.0,1990,12,2018,South Carolina,South Carolina,University of South Carolina Upstate,South Carolina
Cheick Diallo,0,PF,205.74,224.79,1996,9,2017,Malian,Malian,University of Kansas,Kansas
Tyler Dorsey,0,SG,195.58,196.215,1996,2,2018,California,California,University of Oregon,Oregon
Damyean Dotson,0,SG,198.12,205.74,1994,5,2018,Texas,Texas,University of Houston,Texas
Henry Ellenson,1,PF,210.82,219.075,1997,1,2017,Wisconsin,Wisconsin,Marquette University,Wisconsin
Jawun Evans,0,PG,182.88,196.85,1996,7,2018,South Carolina,Texas,Oklahoma State University,Oklahoma
Terrance Ferguson,0,SG,200.66,205.105,1998,5,2018,Oklahoma,Texas,0,0
Yogi Ferrell,0,PG,182.88,0.0,1993,5,2017,Indiana,Indiana,Indiana University,Indiana
De'Aaron Fox,0,PG,190.5,0.0,1997,12,2018,Louisiana,Texas,University of Kentucky,Kentucky
Markelle Fultz,0,SG,193.04,0.0,1998,5,2018,Maryland,Maryland,University of Washington,Washington
Marcus Georges-Hunt,0,SG,195.58,0.0,1994,3,2017,Florida,Georgia,Georgia Institute of Technology,Georgia
Treveon Graham,0,SG,198.12,209.55,1993,10,2017,Washington,Maryland,Virginia Commonwealth University,Virginia
Aaron Harrison,0,SG,198.12,203.835,1994,10,2016,Texas,Texas,University of Kentucky,Kentucky
Shaquille Harrison,0,SG,201.0,0.0,1993,10,2016,Missouri,Missouri,Tulsa Golden Hurricane,Oklahoma
Josh Hart,0,SG,195.58,204.47,1995,3,2018,Maryland,Maryland,Villanova University,Virginia
Myke Henry,0,SF,198.0,0.0,1992,12,2016,Illinois,Illinois,Illinois Fighting Illini,Illinois
Isaiah Hicks,0,PF,206.0,0.0,1994,7,2017,North Carolina,North Carolina,North Carolina Tar Heels,North Carolina
Buddy Hield,0,SG,193.04,206.375,1993,12,2017,Bahamian,Kansas,University of Oklahoma,Oklahoma
Danuel House,0,SF,200.66,0.0,1993,6,2017,Texas,Texas,Texas A&M University,Texas
Josh Huestis,0,PF,200.66,0.0,1991,12,2016,Texas,Montana,Stanford University,California
Jonathan Isaac,0,PF,208.28,0.0,1997,10,2018,New York,Florida,Florida State University,Florida
Wesley Iwundu,0,SF,200.66,215.9,1994,12,2018,Texas,Texas,Kansas State University,Kansas
Josh Jackson,0,SG,203.2,0.0,1997,2,2018,California,California,University of Kansas,Kansas
Justin Jackson,0,SF,203.2,210.185,1995,3,2018,Texas,Texas,University of North Carolina,North Carolina
Luke Kennard,1,SG,198.12,196.215,1996,6,2018,Ohio,Ohio,Duke University,North Carolina
Maxi Kleber,1,PF,208.28,0.0,1992,1,2018,Germany,Germany,0,0
Luke Kornet,1,PF,218.0,0.0,1995,7,2017,Texas,Texas,Vanderbilt Commodores,Tennessee
Kyle Kuzma,0,PF,205.74,213.995,1995,7,2018,Michigan,Michigan,University of Utah,Pennsylvania
Damion Lee,0,SG,196.0,0.0,1992,10,2016,Maryland,Maryland,Drexel Dragons,Pennsylvania
Josh Magette,1,PG,185.42,0.0,1989,11,2018,Alabama,Alabama,Alabama - Huntsville,Alabama
Lauri Markkanen,1,PF,213.36,0.0,1997,5,2018,Finnish,Arizona,University of Arizona,Arizona
Jordan Mickey,0,PF,203.2,221.615,1994,7,2016,Texas,Texas,Louisiana State University,Louisiana
Darius Miller,0,SF,203.2,205.74,1990,3,2013,Kentucky,Kentucky,University of Kentucky,Kentucky
Donovan Mitchell,0,SG,190.5,208.28,1996,9,2018,New York,Connecticut,University of Louisville,Louisiana
Malik Monk,0,SG,190.5,0.0,1998,2,2018,Arkansas,Arkansas,University of Kentucky,Kentucky
Eric Moreland,0,PF,208.28,0.0,1991,12,2015,Texas,Texas,Oregon State University,Oregon
Abdel Nader,3,SF,198.12,0.0,1993,9,2018,Egypt,Illinois,Iowa State University,Illinois
Frank Ntilikina,0,PG,195.58,0.0,1998,7,2018,Belgium,Belgium,0,0
Royce O'Neale,0,SF,198.12,0.0,1993,6,2015,Texas,Texas,Baylor University,Texas
Semi Ojeleye,0,PF,200.66,207.645,1994,12,2018,Kansas,Kansas,Southern Methodist University,Texas
Emeka Okafor,0,C,208.28,223.52,1982,9,2005,Texas,Texas,University of Connecticut,Connecticut
Cedi Osman,1,SF,203.2,0.0,1995,4,2018,Turkish,Turkish,0,0
Brandon Paul,0,SG,193.04,208.915,1991,4,2018,Illinois,Illinois,University of Illinois at Urbana-Champaign,Illinois
Alec Peters,1,PF,205.74,210.185,1995,4,2018,Washington,Washington,Valparaiso University,Indiana
Rodney Purvis,0,SG,193.0,0.0,1994,2,2018,North Carolina,North Carolina,North Carolina,North Carolina
Ivan Rabb,0,PF,208.28,217.17,1997,2,2018,California,California,University of California,California
Davon Reed,0,SG,196.0,0.0,1995,6,2018,New Jersey,New Jersey,Miami,Florida
Wayne Selden,0,SG,195.58,209.55,1994,9,2017,Massachusetts,Massachusetts,University of Kansas,Kansas
Ben Simmons,1,PG,208.28,0.0,1996,7,2018,Australian,Florida,Louisiana State University,Louisiana
Kobi Simmons,0,PG,195.58,198.12,1997,7,2018,Georgia,Georgia,University of Arizona,Arizona
Jayson Tatum,0,SF,203.2,0.0,1998,3,2018,Missouri,Missouri,Duke University,North Carolina
Isaiah Taylor,0,PG,190.5,0.0,1994,7,2017,California,Texas,University of Texas at Austin,Texas
Milos Teodosic,1,PG,195.58,0.0,1987,3,2018,Serbian,Serbian,0,0
Daniel Theis,1,C,205.74,0.0,1992,4,2018,German,German,0,0
Sindarius Thornwell,0,SG,195.58,208.28,1994,11,2018,South Carolina,South Carolina,University of South Carolina,South Carolina
Ekpe Udoh,0,C,208.28,224.79,1987,5,2011,Oklahoma,Oklahoma,Baylor University,Texas
Tyrone Wallace,0,PG,196.0,0.0,1994,6,2017,California,California,California,California
Andrew White,0,SF,201.0,0.0,1993,6,2018,Virginia,Virginia,Kansas State University,Kansas
Jamil Wilson,0,SF,200.66,0.0,1990,11,2018,Wisconsin,Wisconsin,Marquette University,Wisconsin
Guerschon Yabusele,0,PF,200.66,0.0,1995,12,2018,French,French,0,0
Ante Zizic,1,C,210.82,0.0,1997,1,2018,Croatian,Croatian,0,0
Jaylen Adams,0,PG,183.0,0.0,1996,5,2019,Maryland,Maryland,St. Bonaventure University,New York
Grayson Allen,1,SG,193.0,0.0,1995,10,2019,Florida,Florida,Duke University,North Carolina
Kadeem Allen,0,PG,190.5,206.375,1993,1,2018,North Carolina,North Carolina,University of Arizona,Arizona
Deandre Ayton,0,C,211.0,0.0,1998,7,2019,Bahamian,Arizona,University of Arizona,Arizona
Mo Bamba,0,C,213.0,0.0,1998,5,2019,New York,Pennsylvania,The University of Texas at Austin,Texas
Keita Bates-Diop,0,SF,203.0,0.0,1996,1,2019,California,Illinois,Ohio State University,Ohio
Jaron Blossomgame,0,SF,198.0,0.0,1993,9,2018,Georgia,Georgia,Clemson University,South Carolina
Jonah Bolden,0,PF,203.0,0.0,1996,1,2018,Australian,Nevada,UCLA,California
Mikal Bridges,0,SF,198.0,0.0,1996,8,2019,Pennsylvania,Pennsylvania,Villanova University,Pennsylvania
Miles Bridges,0,SF,201.0,0.0,1998,3,2019,Michigan,Michigan,Michigan State University,Michigan
Isaiah Briscoe,0,PG,191.0,0.0,1996,4,2018,New Jersey,New Jersey,Kentucky,Kentucky
Ryan Broekhoff,1,SG,198.0,0.0,1990,8,2014,Australian,Australian,Valparaiso University,Indiana
MarShon Brooks,0,SG,195.58,215.9,1989,1,2012,New Jersey,New Jersey,Providence College,Rhode Island
Bruce Brown,0,SG,193.0,0.0,1996,8,2019,Massachusetts,Massachusetts,University of Miami,Florida
Jalen Brunson,0,PG,185.0,0.0,1996,8,2019,New Jersey,Illinois,Villanova University,Pennsylvania
Thomas Bryant,0,C,208.28,228.6,1997,7,2018,New York,New York,Indiana University,Indiana
Deonte Burton,0,SG,193.0,0.0,1994,1,2018,Wisconsin,Wisconsin,Iowa State University,Iowa
Bruno Caboclo,0,PF,205.74,0.0,1995,9,2015,Brazil,Brazil,0,0
Jevon Carter,0,PG,185.0,0.0,1995,9,2019,Illinois,Illinois,West Virginia,West Virginia
Gary Clark,0,PF,198.0,0.0,1994,11,2019,North Carolina,North Carolina,University of Cincinnati,Ohio
Hamidou Diallo,0,SG,196.0,0.0,1998,7,2019,New York,New York,University of Kentucky,Kentucky
Donte DiVincenzo,1,SG,193.0,0.0,1997,1,2019,Delaware,Delaware,Villanova University,Pennsylvania
Luka Doncic,1,SG,201.0,0.0,1999,2,2019,Slovenian,Slovenian,0,0
Jacob Evans,0,SG,198.0,0.0,1997,6,2019,North Carolina,Louisiana,University of Cincinnati,Ohio
Harry Giles,0,PF,211.0,0.0,1998,4,2018,North Carolina,North Carolina,Duke University,North Carolina
Shai Gilgeous-Alexander,0,PG,198.0,0.0,1998,7,2019,Canada,Canada,University of Kentucky,Kentucky
Daniel Hamilton,0,SG,200.66,205.74,1995,8,2018,California,California,University of Connecticut,Connecticut
Isaiah Hartenstein,1,PF,213.0,0.0,1998,5,2016,Oregon,Oregon,0,0
Aaron Holiday,0,PG,183.0,0.0,1996,9,2019,Louisiana,California,UCLA,California
Kevin Huerter,1,SG,201.0,0.0,1998,8,2019,New York,New York,University of Maryland,Maryland
Chandler Hutchison,0,SF,198.0,0.0,1996,4,2019,California,California,Boise State University,Idaho
Frank Jackson,0,PG,191.0,0.0,1998,5,2018,Washington,Utah,Duke University,North Carolina
Damian Jones,0,C,213.36,222.885,1995,6,2017,Louisiana,Louisiana,Vanderbilt University,Tennessee
Jalen Jones,0,SF,200.66,0.0,1993,5,2018,Texas,Texas,Texas A&M University,Texas
Kevin Knox,0,PF,206.0,0.0,1999,8,2019,Arizona,Florida,University of Kentucky,Kentucky
Furkan Korkmaz,1,SG,200.66,0.0,1997,7,2018,Turkey,Turkey,0,0
Rodions Kurucs,1,SF,206.0,0.0,1998,2,2019,Latvian,Latvian,0,0
Alfonzo McKinnie,0,SF,203.2,0.0,1992,9,2018,Illinois,Illinois,University of Wisconsin-Green Bay,Wisconsin
De'Anthony Melton,0,PG,188.0,0.0,1998,5,2019,California,California,University of Southern California,California
Shake Milton,0,SG,196.0,0.0,1996,9,2019,Georgia,Oklahoma,Southern Methodist University,Texas
Monte Morris,0,PG,190.5,193.04,1995,6,2018,Michigan,Michigan,Iowa State University,Iowa
Georges Niang,0,PF,203.2,208.28,1993,6,2017,Massachusetts,New Hampshire,Iowa State University,Iowa
Elie Okobo,0,PG,191.0,0.0,1997,10,2019,France,France,0,0
Josh Okogie,0,SG,193.0,0.0,1998,9,2019,Nigerian,Georgia,Georgia Institute of Technology,Georgia
Theo Pinson,0,SG,196.0,0.0,1995,11,2019,North Carolina,North Carolina,North Carolina,North Carolina
Quincy Pondexter,0,SF,200.66,0.0,1988,3,2011,California ,California ,University of Washington,Washington
Alex Poythress,0,PF,200.66,0.0,1993,9,2017,Georgia,Tennessee,University of Kentucky,Kentucky
Chasson Randle,0,PG,187.96,200.66,1993,2,2017,Illinois,Illinois,Stanford University,California
Jerome Robinson,0,SG,193.0,0.0,1997,2,2019,North Carolina,North Carolina,Boston College,Massachusetts
Mitchell Robinson,0,C,213.0,0.0,1998,4,2019,Florida,Louisiana,0,0
Brandon Sampson,0,SG,196.0,0.0,1997,5,2019,Louisiana,Louisiana,Louisiana State University,Louisiana
Collin Sexton,0,PG,185.0,0.0,1999,1,2019,Georgia,Georgia,University of Alabama,Alabama
Omari Spellman,0,PF,203.0,0.0,1997,7,2019,Ohio,Ohio,Villanova University,Pennsylvania
Edmond Sumner,0,PG,198.0,0.0,1995,12,2018,Michigan,Michigan,Xavier University,Ohio
Allonzo Trier,0,SG,193.0,0.0,1996,1,2019,Washington,Nevada,University of Arizona,Arizona
Moritz Wagner,0,C,211.0,0.0,1997,4,2019,German,German,Michigan State University,Michigan
Brad Wanamaker,0,PG,191.0,0.0,1989,7,2012,Pennsylvania,Pennsylvania,University of Pittsburgh,Pennsylvania
Julian Washburn,0,SF,203.0,0.0,1991,12,2016,Texas,Texas,University of Texas at El Paso,Texas
Derrick White,0,PG,195.58,201.93,1994,7,2018,Colorado,Colorado,University of Colorado,Colorado
Johnathan Williams,0,C,206.0,0.0,1995,5,2019,Tennessee,Tennessee,Gonzaga University,Washington
Kenrich Williams,0,SF,198.0,0.0,1994,12,2019,Texas,Texas,Texas Christian University,Texas
Robert Williams,0,C,203.0,0.0,1997,10,2019,Louisiana,Louisiana,Texas A&M University,Texas
Troy Williams,0,SF,200.66,203.835,1994,12,2017,Virginia,Virginia,Indiana University,Indiana
Trae Young,0,PG,185.0,0.0,1998,9,2019,Texas,Oklahoma,University of Oklahoma,Oklahoma
